!!SBtab	Document='D1 LTP time window' TableName='Parameter' TableType='Quantity' TableTitle='D1 LTP time window parameters'								
!ID	!Name	!Unit	!DefaultValue	!Comment	!Location	!Scale	!Value:linspace	!Description	
K1	kf_R0	1/millisecond	-1.5229	kf_GaolfGTP__GaolfGDP	Spine	log10	0.03	independent parameter	GaolfGTP <=> GaolfGDP
K2	kf_R1	1/millisecond	-1.8239	kf_D1R_Golf_DA__GbgolfXD1R_DAXGaolfGTP	Spine	log10	0.015	independent parameter	D1R_Golf_DA <=> Gbgolf + D1R_DA + GaolfGTP
K3	kf_R2	1/(nanomole/liter*millisecond)	-4.301	kf_D1R_GolfXDA__D1R_Golf_DA	Spine	log10	5e-05	independent parameter	D1R_Golf + DA <=> D1R_Golf_DA
K4	kr_R2	1/millisecond	-0.60206	kr_D1R_GolfXDA__D1R_Golf_DA	Spine	log10	0.25	independent parameter	D1R_Golf + DA <=> D1R_Golf_DA
K5	kf_R3	1/(nanomole/liter*millisecond)	-4.301	kf_D1RXDA__D1R_DA	Spine	log10	5e-05	independent parameter	D1R + DA <=> D1R_DA
K6	kr_R3	1/millisecond	-0.60206	kr_D1RXDA__D1R_DA	Spine	log10	0.25	independent parameter	D1R + DA <=> D1R_DA
K7	kf_R4	1/(nanomole/liter*millisecond)	-2	kf_AC5XGaolfGTP__AC5_GaolfGTP	Spine	log10	0.01	independent parameter	AC5 + GaolfGTP <=> AC5_GaolfGTP
K8	kr_R4	1/millisecond	-3	kr_AC5XGaolfGTP__AC5_GaolfGTP	Spine	log10	0.001	independent parameter	AC5 + GaolfGTP <=> AC5_GaolfGTP
K9	kf_R5	1/(nanomole/liter*millisecond)	-5.2218	kf_CaMXCa__CaM_Ca2	Spine	log10	6e-06	independent parameter	CaM + Ca <=> CaM_Ca2
K10	kr_R5	1/millisecond	-1.699	kr_CaMXCa__CaM_Ca2	Spine	log10	0.02	independent parameter	CaM + Ca <=> CaM_Ca2
K11	kf_R6	1/(nanomole/liter*millisecond)	-4	kf_PP2BXCaM__PP2B_CaM	Spine	log10	0.0001	independent parameter	PP2B + CaM <=> PP2B_CaM
K12	kr_R6	1/millisecond	0.47712	kr_PP2BXCaM__PP2B_CaM	Spine	log10	3	independent parameter	PP2B + CaM <=> PP2B_CaM
K13	kf_R7	1/(nanomole/liter*millisecond)	-4	kf_CaM_Ca4XPP2B__PP2Bc	Spine	log10	0.0001	independent parameter	CaM_Ca4 + PP2B <=> PP2Bc
K14	kr_R7	1/millisecond	-5.5229	kr_CaM_Ca4XPP2B__PP2Bc	Spine	log10	3e-06	independent parameter	CaM_Ca4 + PP2B <=> PP2Bc
K15	kf_R8	1/(nanomole/liter*millisecond)	-5	kf_PKAcXD32__PKAc_D32	Spine	log10	1e-05	independent parameter	PKAc + D32 <=> PKAc_D32
K16	kr_R8	1/millisecond	-0.69897	kr_PKAcXD32__PKAc_D32	Spine	log10	0.2	independent parameter	PKAc + D32 <=> PKAc_D32
K17	kf_R9	1/millisecond	-2	kf_PKAc_D32__D32p34XPKAc	Spine	log10	0.01	independent parameter	PKAc_D32 <=> D32p34 + PKAc
K18	kf_R10	1/(nanomole/liter*millisecond)	-6	kf_PKAcXB56PP2A__PKAc_B56PP2A	Spine	log10	1e-06	independent parameter	PKAc + B56PP2A <=> PKAc_B56PP2A
K19	kr_R10	1/millisecond	-3.5229	kr_PKAcXB56PP2A__PKAc_B56PP2A	Spine	log10	0.0003	independent parameter	PKAc + B56PP2A <=> PKAc_B56PP2A
K20	kf_R11	1/millisecond	-3.699	kf_PKAc_B56PP2A__B56PP2ApXPKAc	Spine	log10	0.0002	independent parameter	PKAc_B56PP2A <=> B56PP2Ap + PKAc
K21	kf_R12	1/(nanomole/liter*millisecond)	-3	kf_D32p34XPP1__PP1_D32p34	Spine	log10	0.001	independent parameter	D32p34 + PP1 <=> PP1_D32p34
K22	kr_R12	1/millisecond	-2.8239	kr_D32p34XPP1__PP1_D32p34	Spine	log10	0.0015	independent parameter	D32p34 + PP1 <=> PP1_D32p34
K23	kf_R13	1/(nanomole/liter*millisecond)	-6	kf_CDK5XD32__CDK5_D32	Spine	log10	1e-06	independent parameter	CDK5 + D32 <=> CDK5_D32
K24	kr_R13	1/millisecond	-1	kr_CDK5XD32__CDK5_D32	Spine	log10	0.1	independent parameter	CDK5 + D32 <=> CDK5_D32
K25	kf_R14	1/millisecond	-2	kf_CDK5_D32__CDK5XD32p75	Spine	log10	0.01	independent parameter	CDK5_D32 <=> CDK5 + D32p75
K26	kf_R15	1/(nanomole/liter*millisecond)	-4	kf_D32p75XPKAc__PKAc_D32p75	Spine	log10	0.0001	independent parameter	D32p75 + PKAc <=> PKAc_D32p75
K27	kr_R15	1/millisecond	-1	kr_D32p75XPKAc__PKAc_D32p75	Spine	log10	0.1	independent parameter	D32p75 + PKAc <=> PKAc_D32p75
K28	kf_R16	1/(nanomole/liter*millisecond)	-5	kf_B72PP2AXCa__B72PP2A_Ca	Spine	log10	1e-05	independent parameter	B72PP2A + Ca <=> B72PP2A_Ca
K29	kr_R16	1/millisecond	-2	kr_B72PP2AXCa__B72PP2A_Ca	Spine	log10	0.01	independent parameter	B72PP2A + Ca <=> B72PP2A_Ca
K30	kf_R17	1/(nanomole/liter*millisecond)	-4.8239	kf_B56PP2ApXD32p75__B56PP2Ap_D32p75	Spine	log10	1.5e-05	independent parameter	B56PP2Ap + D32p75 <=> B56PP2Ap_D32p75
K31	kr_R17	1/millisecond	-1	kr_B56PP2ApXD32p75__B56PP2Ap_D32p75	Spine	log10	0.1	independent parameter	B56PP2Ap + D32p75 <=> B56PP2Ap_D32p75
K32	kf_R18	1/(nanomole/liter*millisecond)	-5.0969	kf_B72PP2AXD32p75__B72PP2A_D32p75	Spine	log10	8e-06	independent parameter	B72PP2A + D32p75 <=> B72PP2A_D32p75
K33	kr_R18	1/millisecond	-1	kr_B72PP2AXD32p75__B72PP2A_D32p75	Spine	log10	0.1	independent parameter	B72PP2A + D32p75 <=> B72PP2A_D32p75
K34	kf_R19	1/(nanomole/liter*millisecond)	-4.8239	kf_D32p75XB72PP2A_Ca__B72PP2A_Ca_D32p75	Spine	log10	1.5e-05	independent parameter	D32p75 + B72PP2A_Ca <=> B72PP2A_Ca_D32p75
K35	kr_R19	1/millisecond	-1	kr_D32p75XB72PP2A_Ca__B72PP2A_Ca_D32p75	Spine	log10	0.1	independent parameter	D32p75 + B72PP2A_Ca <=> B72PP2A_Ca_D32p75
K36	kf_R20	1/millisecond	-2.0969	kf_B56PP2Ap_D32p75__B56PP2ApXD32	Spine	log10	0.008	independent parameter	B56PP2Ap_D32p75 <=> B56PP2Ap + D32
K37	kf_R21	1/millisecond	-2.8239	kf_B72PP2A_D32p75__B72PP2AXD32	Spine	log10	0.0015	independent parameter	B72PP2A_D32p75 <=> B72PP2A + D32
K38	kf_R22	1/millisecond	-2.0969	kf_B72PP2A_Ca_D32p75__B72PP2A_CaXD32	Spine	log10	0.008	independent parameter	B72PP2A_Ca_D32p75 <=> B72PP2A_Ca + D32
K39	kf_R23	1/(nanomole/liter*millisecond)	-2.8861	kf_D32p34XPP2Bc__PP2Bc_D32p34	Spine	log10	0.0013	independent parameter	D32p34 + PP2Bc <=> PP2Bc_D32p34
K40	kr_R23	1/millisecond	-4	kr_D32p34XPP2Bc__PP2Bc_D32p34	Spine	log10	0.0001	independent parameter	D32p34 + PP2Bc <=> PP2Bc_D32p34
K41	kf_R24	1/(nanomole/liter*millisecond)	-4	kf_CaM_Ca2XCa__CaM_Ca4	Spine	log10	0.0001	independent parameter	CaM_Ca2 + Ca <=> CaM_Ca4
K42	kr_R24	1/millisecond	0	kr_CaM_Ca2XCa__CaM_Ca4	Spine	log10	1	independent parameter	CaM_Ca2 + Ca <=> CaM_Ca4
K43	kf_R25	1/(nanomole/liter*millisecond)	-5.2218	kf_CaXPP2B_CaM__PP2B_CaM_Ca2	Spine	log10	6e-06	independent parameter	Ca + PP2B_CaM <=> PP2B_CaM_Ca2
K44	kr_R25	1/millisecond	-6.699	kr_CaXPP2B_CaM__PP2B_CaM_Ca2	Spine	log10	2e-07	independent parameter	Ca + PP2B_CaM <=> PP2B_CaM_Ca2
K45	kf_R26	1/(nanomole/liter*millisecond)	-4	kf_CaXPP2B_CaM_Ca2__PP2Bc	Spine	log10	0.0001	independent parameter	Ca + PP2B_CaM_Ca2 <=> PP2Bc
K46	kr_R26	1/millisecond	-1	kr_CaXPP2B_CaM_Ca2__PP2Bc	Spine	log10	0.1	independent parameter	Ca + PP2B_CaM_Ca2 <=> PP2Bc
K47	kf_R27	1/(nanomole/liter*millisecond)	-4	kf_CaM_Ca2XPP2B__PP2B_CaM_Ca2	Spine	log10	0.0001	independent parameter	CaM_Ca2 + PP2B <=> PP2B_CaM_Ca2
K48	kr_R27	1/millisecond	-4.5229	kr_CaM_Ca2XPP2B__PP2B_CaM_Ca2	Spine	log10	3e-05	independent parameter	CaM_Ca2 + PP2B <=> PP2B_CaM_Ca2
K49	kf_R28	1/(nanomole/liter*millisecond)	-6	kf_AC5XCa__AC5_Ca	Spine	log10	1e-06	independent parameter	AC5 + Ca <=> AC5_Ca
K50	kr_R28	1/millisecond	-2	kr_AC5XCa__AC5_Ca	Spine	log10	0.01	independent parameter	AC5 + Ca <=> AC5_Ca
K51	kf_R29	1/(nanomole/liter*millisecond)	-2	kf_AC5_CaXGaolfGTP__AC5_Ca_GaolfGTP	Spine	log10	0.01	independent parameter	AC5_Ca + GaolfGTP <=> AC5_Ca_GaolfGTP
K52	kr_R29	1/millisecond	-3	kr_AC5_CaXGaolfGTP__AC5_Ca_GaolfGTP	Spine	log10	0.001	independent parameter	AC5_Ca + GaolfGTP <=> AC5_Ca_GaolfGTP
K53	kf_R30	1/(nanomole/liter*millisecond)	-5.0969	kf_D32p75XB56PP2A__B56PP2A_D32p75	Spine	log10	8e-06	independent parameter	D32p75 + B56PP2A <=> B56PP2A_D32p75
K54	kr_R30	1/millisecond	-1	kr_D32p75XB56PP2A__B56PP2A_D32p75	Spine	log10	0.1	independent parameter	D32p75 + B56PP2A <=> B56PP2A_D32p75
K55	kf_R31	1/millisecond	-2.8239	kf_B56PP2A_D32p75__B56PP2AXD32	Spine	log10	0.0015	independent parameter	B56PP2A_D32p75 <=> B56PP2A + D32
K56	kf_R32	1/millisecond	-2.5229	kf_B72PP2A_Ca_D32p34__B72PP2A_CaXD32	Spine	log10	0.003	independent parameter	B72PP2A_Ca_D32p34 <=> B72PP2A_Ca + D32
K57	kf_R33	1/millisecond	-2.5229	kf_B72PP2A_D32p34__D32XB72PP2A	Spine	log10	0.003	independent parameter	B72PP2A_D32p34 <=> D32 + B72PP2A
K58	kf_R34	1/(nanomole/liter*millisecond)	-6.301	kf_D32p34XB72PP2A_Ca__B72PP2A_Ca_D32p34	Spine	log10	5e-07	independent parameter	D32p34 + B72PP2A_Ca <=> B72PP2A_Ca_D32p34
K59	kr_R34	1/millisecond	-3	kr_D32p34XB72PP2A_Ca__B72PP2A_Ca_D32p34	Spine	log10	0.001	independent parameter	D32p34 + B72PP2A_Ca <=> B72PP2A_Ca_D32p34
K60	kf_R35	1/(nanomole/liter*millisecond)	-6.301	kf_D32p34XB72PP2A__B72PP2A_D32p34	Spine	log10	5e-07	independent parameter	D32p34 + B72PP2A <=> B72PP2A_D32p34
K61	kr_R35	1/millisecond	-3	kr_D32p34XB72PP2A__B72PP2A_D32p34	Spine	log10	0.001	independent parameter	D32p34 + B72PP2A <=> B72PP2A_D32p34
K62	kf_R36	1/millisecond	-2.9208	kf_PP2Bc_D32p34__D32XPP2Bc	Spine	log10	0.0012	independent parameter	PP2Bc_D32p34 <=> D32 + PP2Bc
K63	kf_R37	1/millisecond	-5.0969	kf_B56PP2Ap__B56PP2A	Spine	log10	8e-06	independent parameter	B56PP2Ap <=> B56PP2A
K64	kf_R38	1/(nanomole/liter*millisecond)	-4.585	kf_cAMPXPKA__PKA_Ca2MP	Spine	log10	2.6e-05	independent parameter	cAMP + PKA <=> PKA_Ca2MP
K65	kr_R38	1/millisecond	-0.45593	kr_cAMPXPKA__PKA_Ca2MP	Spine	log10	0.35	independent parameter	cAMP + PKA <=> PKA_Ca2MP
K66	kf_R39	1/(nanomole/liter*millisecond)	-4.4609	kf_cAMPXPKA_Ca2MP__PKA_Ca4MP	Spine	log10	3.46e-05	independent parameter	cAMP + PKA_Ca2MP <=> PKA_Ca4MP
K67	kr_R39	1/millisecond	-1.301	kr_cAMPXPKA_Ca2MP__PKA_Ca4MP	Spine	log10	0.05	independent parameter	cAMP + PKA_Ca2MP <=> PKA_Ca4MP
K68	kf_R40	1/millisecond	-1.301	kf_PKA_Ca4MP__PKAcXPKAreg	Spine	log10	0.05	independent parameter	PKA_Ca4MP <=> PKAc + PKAreg
K69	kr_R40	1/(nanomole/liter*millisecond)	-4.5229	kr_PKA_Ca4MP__PKAcXPKAreg	Spine	log10	3e-05	independent parameter	PKA_Ca4MP <=> PKAc + PKAreg
K70	kf_R41	1/(nanomole/liter*millisecond)	-4.5229	kf_cAMPXPDE4__PDE4_cAMP	Spine	log10	3e-05	independent parameter	cAMP + PDE4 <=> PDE4_cAMP
K71	kr_R41	1/millisecond	-3	kr_cAMPXPDE4__PDE4_cAMP	Spine	log10	0.001	independent parameter	cAMP + PDE4 <=> PDE4_cAMP
K72	kf_R42	1/millisecond	-2.6021	kf_PDE4_cAMP__PDE4XAMP	Spine	log10	0.0025	independent parameter	PDE4_cAMP <=> PDE4 + AMP
K73	kf_R43	1/((nanomole/liter)^2*millisecond)	-9	kf_PDE10rX2 cAMP__PDE10c	Spine	log10	1e-09	independent parameter	PDE10r + 2 cAMP <=> PDE10c
K74	kr_R43	1/millisecond	-3	kr_PDE10rX2 cAMP__PDE10c	Spine	log10	0.001	independent parameter	PDE10r + 2 cAMP <=> PDE10c
K75	kf_R44	1/millisecond	-2.5229	kf_PDE10r_cAMP__PDE10rXAMP	Spine	log10	0.003	independent parameter	PDE10r_cAMP <=> PDE10r + AMP
K76	kf_R45	1/(nanomole/liter*millisecond)	-4	kf_cAMPXPDE10r__PDE10r_cAMP	Spine	log10	0.0001	independent parameter	cAMP + PDE10r <=> PDE10r_cAMP
K77	kr_R45	1/millisecond	-2.699	kr_cAMPXPDE10r__PDE10r_cAMP	Spine	log10	0.002	independent parameter	cAMP + PDE10r <=> PDE10r_cAMP
K78	kf_R46	1/millisecond	-2	kf_PDE10c_cAMP__PDE10cXAMP	Spine	log10	0.01	independent parameter	PDE10c_cAMP <=> PDE10c + AMP
K79	kf_R47	1/(nanomole/liter*millisecond)	-1	kf_GaolfGDPXGbgolf__Golf	Spine	log10	0.1	independent parameter	GaolfGDP + Gbgolf <=> Golf
K80	kf_R48	1/(nanomole/liter*millisecond)	-5.5935	kf_AC5_GaolfGTPXATP__AC5_GaolfGTP_ATP	Spine	log10	2.55e-06	independent parameter	AC5_GaolfGTP + ATP <=> AC5_GaolfGTP_ATP
K81	kr_R48	1/millisecond	-3	kr_AC5_GaolfGTPXATP__AC5_GaolfGTP_ATP	Spine	log10	0.001	independent parameter	AC5_GaolfGTP + ATP <=> AC5_GaolfGTP_ATP
K82	kf_R49	1/(nanomole/liter*millisecond)	-7	kf_AC5XATP__AC5_ATP	Spine	log10	1e-07	independent parameter	AC5 + ATP <=> AC5_ATP
K83	kr_R49	1/millisecond	-3	kr_AC5XATP__AC5_ATP	Spine	log10	0.001	independent parameter	AC5 + ATP <=> AC5_ATP
K84	kf_R50	1/(nanomole/liter*millisecond)	-7.1249	kf_AC5_CaXATP__AC5_Ca_ATP	Spine	log10	7.5e-08	independent parameter	AC5_Ca + ATP <=> AC5_Ca_ATP
K85	kr_R50	1/millisecond	-3	kr_AC5_CaXATP__AC5_Ca_ATP	Spine	log10	0.001	independent parameter	AC5_Ca + ATP <=> AC5_Ca_ATP
K86	kf_R51	1/(nanomole/liter*millisecond)	-5.8861	kf_AC5_Ca_GaolfGTPXATP__AC5_Ca_GaolfGTP_ATP	Spine	log10	1.3e-06	independent parameter	AC5_Ca_GaolfGTP + ATP <=> AC5_Ca_GaolfGTP_ATP
K87	kr_R51	1/millisecond	-3	kr_AC5_Ca_GaolfGTPXATP__AC5_Ca_GaolfGTP_ATP	Spine	log10	0.001	independent parameter	AC5_Ca_GaolfGTP + ATP <=> AC5_Ca_GaolfGTP_ATP
K88	kf_R52	1/(nanomole/liter*millisecond)	-2	kf_GaolfGTPXAC5_ATP__AC5_GaolfGTP_ATP	Spine	log10	0.01	independent parameter	GaolfGTP + AC5_ATP <=> AC5_GaolfGTP_ATP
K89	kr_R52	1/millisecond	-3	kr_GaolfGTPXAC5_ATP__AC5_GaolfGTP_ATP	Spine	log10	0.001	independent parameter	GaolfGTP + AC5_ATP <=> AC5_GaolfGTP_ATP
K90	kf_R53	1/(nanomole/liter*millisecond)	-2	kf_GaolfGTPXAC5_Ca_ATP__AC5_Ca_GaolfGTP_ATP	Spine	log10	0.01	independent parameter	GaolfGTP + AC5_Ca_ATP <=> AC5_Ca_GaolfGTP_ATP
K91	kr_R53	1/millisecond	-3	kr_GaolfGTPXAC5_Ca_ATP__AC5_Ca_GaolfGTP_ATP	Spine	log10	0.001	independent parameter	GaolfGTP + AC5_Ca_ATP <=> AC5_Ca_GaolfGTP_ATP
K92	kf_R54	1/(nanomole/liter*millisecond)	-6	kf_CaXAC5_ATP__AC5_Ca_ATP	Spine	log10	1e-06	independent parameter	Ca + AC5_ATP <=> AC5_Ca_ATP
K93	kr_R54	1/millisecond	-2	kr_CaXAC5_ATP__AC5_Ca_ATP	Spine	log10	0.01	independent parameter	Ca + AC5_ATP <=> AC5_Ca_ATP
K94	kf_R55	1/millisecond	-1.301	kf_AC5_GaolfGTP_ATP__cAMPXAC5_GaolfGTP	Spine	log10	0.05	independent parameter	AC5_GaolfGTP_ATP <=> cAMP + AC5_GaolfGTP
K95	kf_R56	1/(nanomole/liter*millisecond)	-2.5935	kf_cAMPXAC5_GaolfGTP__AC5_GaolfGTP_ATP	Spine	log10	0.00255	independent parameter	cAMP + AC5_GaolfGTP <=> AC5_GaolfGTP_ATP
K96	kf_R57	1/millisecond	-3	kf_AC5_ATP__cAMPXAC5	Spine	log10	0.001	independent parameter	AC5_ATP <=> cAMP + AC5
K97	kf_R58	1/(nanomole/liter*millisecond)	-5.699	kf_cAMPXAC5__AC5_ATP	Spine	log10	2e-06	independent parameter	cAMP + AC5 <=> AC5_ATP
K98	kf_R59	1/millisecond	-3.301	kf_AC5_Ca_ATP__cAMPXAC5_Ca	Spine	log10	0.0005	independent parameter	AC5_Ca_ATP <=> cAMP + AC5_Ca
K99	kf_R60	1/(nanomole/liter*millisecond)	-6.1249	kf_cAMPXAC5_Ca__AC5_Ca_ATP	Spine	log10	7.5e-07	independent parameter	cAMP + AC5_Ca <=> AC5_Ca_ATP
K100	kf_R61	1/millisecond	-1.6021	kf_AC5_Ca_GaolfGTP_ATP__cAMPXAC5_Ca_GaolfGTP	Spine	log10	0.025	independent parameter	AC5_Ca_GaolfGTP_ATP <=> cAMP + AC5_Ca_GaolfGTP
K101	kf_R62	1/(nanomole/liter*millisecond)	-3.1871	kf_cAMPXAC5_Ca_GaolfGTP__AC5_Ca_GaolfGTP_ATP	Spine	log10	0.00065	independent parameter	cAMP + AC5_Ca_GaolfGTP <=> AC5_Ca_GaolfGTP_ATP
K102	kf_R63	1/millisecond	-3	kf_AC5_GaolfGTP__AC5XGaolfGDP	Spine	log10	0.001	independent parameter	AC5_GaolfGTP <=> AC5 + GaolfGDP
K103	kf_R64	1/millisecond	-3	kf_AC5_Ca_GaolfGTP__AC5_CaXGaolfGDP	Spine	log10	0.001	independent parameter	AC5_Ca_GaolfGTP <=> AC5_Ca + GaolfGDP
K104	kf_R65	1/millisecond	-3	kf_AC5_GaolfGTP_ATP__AC5_ATPXGaolfGDP	Spine	log10	0.001	independent parameter	AC5_GaolfGTP_ATP <=> AC5_ATP + GaolfGDP
K105	kf_R66	1/millisecond	-3	kf_AC5_Ca_GaolfGTP_ATP__AC5_Ca_ATPXGaolfGDP	Spine	log10	0.001	independent parameter	AC5_Ca_GaolfGTP_ATP <=> AC5_Ca_ATP + GaolfGDP
K106	kf_R67	1/(nanomole/liter*millisecond)	-4.2218	kf_D1RXGolf__D1R_Golf	Spine	log10	6e-05	independent parameter	D1R + Golf <=> D1R_Golf
K107	kr_R67	1/millisecond	-0.60206	kr_D1RXGolf__D1R_Golf	Spine	log10	0.25	independent parameter	D1R + Golf <=> D1R_Golf
K108	kf_R68	1/(nanomole/liter*millisecond)	-4.2218	kf_GolfXD1R_DA__D1R_Golf_DA	Spine	log10	6e-05	independent parameter	Golf + D1R_DA <=> D1R_Golf_DA
K109	kr_R68	1/millisecond	-0.60206	kr_GolfXD1R_DA__D1R_Golf_DA	Spine	log10	0.25	independent parameter	Golf + D1R_DA <=> D1R_Golf_DA
K110	kf_R69	1/(nanomole/liter*millisecond)	-4	kf_cAMPXPDE10c__PDE10c_cAMP	Spine	log10	0.0001	independent parameter	cAMP + PDE10c <=> PDE10c_cAMP
K111	kr_R69	1/millisecond	-2.699	kr_cAMPXPDE10c__PDE10c_cAMP	Spine	log10	0.002	independent parameter	cAMP + PDE10c <=> PDE10c_cAMP
K112	kf_R70	1/(nanomole/liter*millisecond)	-4	kf_CaMKIIXCaM_Ca4__CaMKII_CaM_Ca4	Spine	log10	0.0001	independent parameter	CaMKII + CaM_Ca4 <=> CaMKII_CaM_Ca4
K113	kr_R70	1/millisecond	-1.3979	kr_CaMKIIXCaM_Ca4__CaMKII_CaM_Ca4	Spine	log10	0.04	independent parameter	CaMKII + CaM_Ca4 <=> CaMKII_CaM_Ca4
K114	kf_R71	1/(nanomole/liter*millisecond)	-4	kf_CaM_Ca2XCaMKII__CaMKII_CaM_Ca2	Spine	log10	0.0001	independent parameter	CaM_Ca2 + CaMKII <=> CaMKII_CaM_Ca2
K115	kr_R71	1/millisecond	-0.39794	kr_CaM_Ca2XCaMKII__CaMKII_CaM_Ca2	Spine	log10	0.4	independent parameter	CaM_Ca2 + CaMKII <=> CaMKII_CaM_Ca2
K116	kf_R72	1/(nanomole/liter*millisecond)	-4	kf_CaMXCaMKII__CaMKII_CaM	Spine	log10	0.0001	independent parameter	CaM + CaMKII <=> CaMKII_CaM
K117	kr_R72	1/millisecond	0.60206	kr_CaMXCaMKII__CaMKII_CaM	Spine	log10	4	independent parameter	CaM + CaMKII <=> CaMKII_CaM
K118	kf_R73	1/(nanomole/liter*millisecond)	-4	kf_CaMKII_CaM_Ca2XCa__CaMKII_CaM_Ca4	Spine	log10	0.0001	independent parameter	CaMKII_CaM_Ca2 + Ca <=> CaMKII_CaM_Ca4
K119	kr_R73	1/millisecond	-1	kr_CaMKII_CaM_Ca2XCa__CaMKII_CaM_Ca4	Spine	log10	0.1	independent parameter	CaMKII_CaM_Ca2 + Ca <=> CaMKII_CaM_Ca4
K120	kf_R74	1/(nanomole/liter*millisecond)	-5.2218	kf_CaMKII_CaMXCa__CaMKII_CaM_Ca2	Spine	log10	6e-06	independent parameter	CaMKII_CaM + Ca <=> CaMKII_CaM_Ca2
K121	kr_R74	1/millisecond	-2.699	kr_CaMKII_CaMXCa__CaMKII_CaM_Ca2	Spine	log10	0.002	independent parameter	CaMKII_CaM + Ca <=> CaMKII_CaM_Ca2
K122	kf_R75	1/(nanomole/liter*millisecond)	-4	kf_pCaMKII_CaM_Ca2XCa__pCaMKII_CaM_Ca4	Spine	log10	0.0001	independent parameter	pCaMKII_CaM_Ca2 + Ca <=> pCaMKII_CaM_Ca4
K123	kr_R75	1/millisecond	-2	kr_pCaMKII_CaM_Ca2XCa__pCaMKII_CaM_Ca4	Spine	log10	0.01	independent parameter	pCaMKII_CaM_Ca2 + Ca <=> pCaMKII_CaM_Ca4
K124	kf_R76	1/(nanomole/liter*millisecond)	-5.2218	kf_pCaMKII_CaMXCa__pCaMKII_CaM_Ca2	Spine	log10	6e-06	independent parameter	pCaMKII_CaM + Ca <=> pCaMKII_CaM_Ca2
K125	kr_R76	1/millisecond	-2.699	kr_pCaMKII_CaMXCa__pCaMKII_CaM_Ca2	Spine	log10	0.002	independent parameter	pCaMKII_CaM + Ca <=> pCaMKII_CaM_Ca2
K126	kf_R77	1/(nanomole/liter*millisecond)	-4	kf_pCaMKIIXCaM_Ca4__pCaMKII_CaM_Ca4	Spine	log10	0.0001	independent parameter	pCaMKII + CaM_Ca4 <=> pCaMKII_CaM_Ca4
K127	kr_R77	1/millisecond	-3.3979	kr_pCaMKIIXCaM_Ca4__pCaMKII_CaM_Ca4	Spine	log10	0.0004	independent parameter	pCaMKII + CaM_Ca4 <=> pCaMKII_CaM_Ca4
K128	kf_R78	1/(nanomole/liter*millisecond)	-4	kf_pCaMKIIXCaM_Ca2__pCaMKII_CaM_Ca2	Spine	log10	0.0001	independent parameter	pCaMKII + CaM_Ca2 <=> pCaMKII_CaM_Ca2
K129	kr_R78	1/millisecond	-1.3979	kr_pCaMKIIXCaM_Ca2__pCaMKII_CaM_Ca2	Spine	log10	0.04	independent parameter	pCaMKII + CaM_Ca2 <=> pCaMKII_CaM_Ca2
K130	kf_R79	1/(nanomole/liter*millisecond)	-4	kf_pCaMKIIXCaM__pCaMKII_CaM	Spine	log10	0.0001	independent parameter	pCaMKII + CaM <=> pCaMKII_CaM
K131	kr_R79	1/millisecond	-0.39794	kr_pCaMKIIXCaM__pCaMKII_CaM	Spine	log10	0.4	independent parameter	pCaMKII + CaM <=> pCaMKII_CaM
K132	kf_R80	1/(nanomole/liter*millisecond)	-4.3468	kf_ARPP21XPKAc__PKAc_ARPP21	Spine	log10	4.5e-05	independent parameter	ARPP21 + PKAc <=> PKAc_ARPP21
K133	kr_R80	1/millisecond	-0.69897	kr_ARPP21XPKAc__PKAc_ARPP21	Spine	log10	0.2	independent parameter	ARPP21 + PKAc <=> PKAc_ARPP21
K134	kf_R81	1/millisecond	-2	kf_PKAc_ARPP21__PKAcXpARPP21	Spine	log10	0.01	independent parameter	PKAc_ARPP21 <=> PKAc + pARPP21
K135	kf_R82	1/(nanomole/liter*millisecond)	-3.301	kf_pARPP21XCaM_Ca4__CaM_Ca4_pARPP21	Spine	log10	0.0005	independent parameter	pARPP21 + CaM_Ca4 <=> CaM_Ca4_pARPP21
K136	kr_R82	1/millisecond	-2	kr_pARPP21XCaM_Ca4__CaM_Ca4_pARPP21	Spine	log10	0.01	independent parameter	pARPP21 + CaM_Ca4 <=> CaM_Ca4_pARPP21
K137	kf_R83	1/millisecond	-2	kf_B72PP2A_Ca_pARPP21__ARPP21XB72PP2A_Ca	Spine	log10	0.01	independent parameter	B72PP2A_Ca_pARPP21 <=> ARPP21 + B72PP2A_Ca
K138	kf_R84	1/(nanomole/liter*millisecond)	-5.1549	kf_pARPP21XB72PP2A_Ca__B72PP2A_Ca_pARPP21	Spine	log10	7e-06	independent parameter	pARPP21 + B72PP2A_Ca <=> B72PP2A_Ca_pARPP21
K139	kr_R84	1/millisecond	-1	kr_pARPP21XB72PP2A_Ca__B72PP2A_Ca_pARPP21	Spine	log10	0.1	independent parameter	pARPP21 + B72PP2A_Ca <=> B72PP2A_Ca_pARPP21
K140	kf_R85	1/millisecond	-3	kf_B72PP2A_pARPP21__ARPP21XB72PP2A	Spine	log10	0.001	independent parameter	B72PP2A_pARPP21 <=> ARPP21 + B72PP2A
K141	kf_R86	1/(nanomole/liter*millisecond)	-5.3979	kf_pARPP21XB72PP2A__B72PP2A_pARPP21	Spine	log10	4e-06	independent parameter	pARPP21 + B72PP2A <=> B72PP2A_pARPP21
K142	kr_R86	1/millisecond	-1	kr_pARPP21XB72PP2A__B72PP2A_pARPP21	Spine	log10	0.1	independent parameter	pARPP21 + B72PP2A <=> B72PP2A_pARPP21
K143	kf_R87	1/millisecond	-2	kf_B56PP2Ap_pARPP21__ARPP21XB56PP2Ap	Spine	log10	0.01	independent parameter	B56PP2Ap_pARPP21 <=> ARPP21 + B56PP2Ap
K144	kf_R88	1/(nanomole/liter*millisecond)	-5.1549	kf_pARPP21XB56PP2Ap__B56PP2Ap_pARPP21	Spine	log10	7e-06	independent parameter	pARPP21 + B56PP2Ap <=> B56PP2Ap_pARPP21
K145	kr_R88	1/millisecond	-1	kr_pARPP21XB56PP2Ap__B56PP2Ap_pARPP21	Spine	log10	0.1	independent parameter	pARPP21 + B56PP2Ap <=> B56PP2Ap_pARPP21
K146	kf_R89	1/millisecond	-3	kf_B56PP2A_pARPP21__ARPP21XB56PP2A	Spine	log10	0.001	independent parameter	B56PP2A_pARPP21 <=> ARPP21 + B56PP2A
K147	kf_R90	1/(nanomole/liter*millisecond)	-5.3979	kf_pARPP21XB56PP2A__B56PP2A_pARPP21	Spine	log10	4e-06	independent parameter	pARPP21 + B56PP2A <=> B56PP2A_pARPP21
K148	kr_R90	1/millisecond	-1	kr_pARPP21XB56PP2A__B56PP2A_pARPP21	Spine	log10	0.1	independent parameter	pARPP21 + B56PP2A <=> B56PP2A_pARPP21
K149	kf_R91	1/(nanomole/liter*millisecond)	-6.301	kf_pSubstrateXPP1__PP1_pSubstrate	Spine	log10	5e-07	independent parameter	pSubstrate + PP1 <=> PP1_pSubstrate
K150	kr_R91	1/millisecond	-3	kr_pSubstrateXPP1__PP1_pSubstrate	Spine	log10	0.001	independent parameter	pSubstrate + PP1 <=> PP1_pSubstrate
K151	kf_R92	1/millisecond	-2	kf_PP1_pSubstrate__PP1XSubstrate	Spine	log10	0.01	independent parameter	PP1_pSubstrate <=> PP1 + Substrate
K152	kf_R93	1/(nanomole/liter*millisecond)	-6.301	kf_SubstrateXpCaMKII_psd__pCaMKII_psd_Substrate	Spine	log10	5e-07	independent parameter	Substrate + pCaMKII_psd <=> pCaMKII_psd_Substrate
K153	kr_R93	1/millisecond	-2	kr_SubstrateXpCaMKII_psd__pCaMKII_psd_Substrate	Spine	log10	0.01	independent parameter	Substrate + pCaMKII_psd <=> pCaMKII_psd_Substrate
K154	kf_R94	1/millisecond	-2	kf_pCaMKII_psd_Substrate__pCaMKII_psdXpSubstrate	Spine	log10	0.01	independent parameter	pCaMKII_psd_Substrate <=> pCaMKII_psd + pSubstrate
K155	kf_R95	1/millisecond	-4	kf_pCaMKII__CaMKII	Spine	log10	0.0001	independent parameter	pCaMKII <=> CaMKII
K156	kf_R96	1/(nanomole/liter*millisecond)	-6.301	kf_SubstrateXpCaMKII_CaM_psd__pCaMKII_CaM_psd_Substrate	Spine	log10	5e-07	independent parameter	Substrate + pCaMKII_CaM_psd <=> pCaMKII_CaM_psd_Substrate
K157	kr_R96	1/millisecond	-2	kr_SubstrateXpCaMKII_CaM_psd__pCaMKII_CaM_psd_Substrate	Spine	log10	0.01	independent parameter	Substrate + pCaMKII_CaM_psd <=> pCaMKII_CaM_psd_Substrate
K158	kf_R97	1/millisecond	-2	kf_pCaMKII_CaM_psd_Substrate__pCaMKII_CaM_psdXpSubstrate	Spine	log10	0.01	independent parameter	pCaMKII_CaM_psd_Substrate <=> pCaMKII_CaM_psd + pSubstrate
K159	kf_R98	1/(nanomole/liter*millisecond)	-6.301	kf_SubstrateXpCaMKII_CaM_Ca2_psd__pCaMKII_CaM_Ca2_psd_Substrate	Spine	log10	5e-07	independent parameter	Substrate + pCaMKII_CaM_Ca2_psd <=> pCaMKII_CaM_Ca2_psd_Substrate
K160	kr_R98	1/millisecond	-2	kr_SubstrateXpCaMKII_CaM_Ca2_psd__pCaMKII_CaM_Ca2_psd_Substrate	Spine	log10	0.01	independent parameter	Substrate + pCaMKII_CaM_Ca2_psd <=> pCaMKII_CaM_Ca2_psd_Substrate
K161	kf_R99	1/millisecond	-2	kf_pCaMKII_CaM_Ca2_psd_Substrate__pCaMKII_CaM_Ca2_psdXpSubstrate	Spine	log10	0.01	independent parameter	pCaMKII_CaM_Ca2_psd_Substrate <=> pCaMKII_CaM_Ca2_psd + pSubstrate
K162	kf_R100	1/(nanomole/liter*millisecond)	-6.301	kf_SubstrateXpCaMKII_CaM_Ca4_psd__pCaMKII_CaM_Ca4_psd_Substrate	Spine	log10	5e-07	independent parameter	Substrate + pCaMKII_CaM_Ca4_psd <=> pCaMKII_CaM_Ca4_psd_Substrate
K163	kr_R100	1/millisecond	-2	kr_SubstrateXpCaMKII_CaM_Ca4_psd__pCaMKII_CaM_Ca4_psd_Substrate	Spine	log10	0.01	independent parameter	Substrate + pCaMKII_CaM_Ca4_psd <=> pCaMKII_CaM_Ca4_psd_Substrate
K164	kf_R101	1/millisecond	-2	kf_pCaMKII_CaM_Ca4_psd_Substrate__pCaMKII_CaM_Ca4_psdXpSubstrate	Spine	log10	0.01	independent parameter	pCaMKII_CaM_Ca4_psd_Substrate <=> pCaMKII_CaM_Ca4_psd + pSubstrate
K165	kf_R102	1/(nanomole/liter*millisecond)	-6.301	kf_SubstrateXCaMKII_CaM_psd__CaMKII_CaM_psd_Substrate	Spine	log10	5e-07	independent parameter	Substrate + CaMKII_CaM_psd <=> CaMKII_CaM_psd_Substrate
K166	kr_R102	1/millisecond	-2	kr_SubstrateXCaMKII_CaM_psd__CaMKII_CaM_psd_Substrate	Spine	log10	0.01	independent parameter	Substrate + CaMKII_CaM_psd <=> CaMKII_CaM_psd_Substrate
K167	kf_R103	1/millisecond	-2	kf_CaMKII_CaM_psd_Substrate__CaMKII_CaM_psdXpSubstrate	Spine	log10	0.01	independent parameter	CaMKII_CaM_psd_Substrate <=> CaMKII_CaM_psd + pSubstrate
K168	kf_R104	1/(nanomole/liter*millisecond)	-6.301	kf_SubstrateXCaMKII_CaM_Ca2_psd__CaMKII_CaM_Ca2_psd_Substrate	Spine	log10	5e-07	independent parameter	Substrate + CaMKII_CaM_Ca2_psd <=> CaMKII_CaM_Ca2_psd_Substrate
K169	kr_R104	1/millisecond	-2	kr_SubstrateXCaMKII_CaM_Ca2_psd__CaMKII_CaM_Ca2_psd_Substrate	Spine	log10	0.01	independent parameter	Substrate + CaMKII_CaM_Ca2_psd <=> CaMKII_CaM_Ca2_psd_Substrate
K170	kf_R105	1/millisecond	-2	kf_CaMKII_CaM_Ca2_psd_Substrate__CaMKII_CaM_Ca2_psdXpSubstrate	Spine	log10	0.01	independent parameter	CaMKII_CaM_Ca2_psd_Substrate <=> CaMKII_CaM_Ca2_psd + pSubstrate
K171	kf_R106	1/(nanomole/liter*millisecond)	-6.301	kf_SubstrateXCaMKII_CaM_Ca4_psd__CaMKII_CaM_Ca4_psd_Substrate	Spine	log10	5e-07	independent parameter	Substrate + CaMKII_CaM_Ca4_psd <=> CaMKII_CaM_Ca4_psd_Substrate
K172	kr_R106	1/millisecond	-2	kr_SubstrateXCaMKII_CaM_Ca4_psd__CaMKII_CaM_Ca4_psd_Substrate	Spine	log10	0.01	independent parameter	Substrate + CaMKII_CaM_Ca4_psd <=> CaMKII_CaM_Ca4_psd_Substrate
K173	kf_R107	1/millisecond	-2	kf_CaMKII_CaM_Ca4_psd_Substrate__CaMKII_CaM_Ca4_psdXpSubstrate	Spine	log10	0.01	independent parameter	CaMKII_CaM_Ca4_psd_Substrate <=> CaMKII_CaM_Ca4_psd + pSubstrate
K174	kf_R108	1/millisecond	-3.301	kf_pCaMKII_CaM_Ca4__pCaMKII_CaM_Ca4_psd	Spine	log10	0.0005	independent parameter	pCaMKII_CaM_Ca4 <=> pCaMKII_CaM_Ca4_psd
K175	kr_R108	1/millisecond	-6	kr_pCaMKII_CaM_Ca4__pCaMKII_CaM_Ca4_psd	Spine	log10	1e-06	independent parameter	pCaMKII_CaM_Ca4 <=> pCaMKII_CaM_Ca4_psd
K176	kf_R109	1/millisecond	-3.301	kf_pCaMKII_CaM_Ca2__pCaMKII_CaM_Ca2_psd	Spine	log10	0.0005	independent parameter	pCaMKII_CaM_Ca2 <=> pCaMKII_CaM_Ca2_psd
K177	kr_R109	1/millisecond	-6	kr_pCaMKII_CaM_Ca2__pCaMKII_CaM_Ca2_psd	Spine	log10	1e-06	independent parameter	pCaMKII_CaM_Ca2 <=> pCaMKII_CaM_Ca2_psd
K178	kf_R110	1/millisecond	-3.301	kf_pCaMKII_CaM__pCaMKII_CaM_psd	Spine	log10	0.0005	independent parameter	pCaMKII_CaM <=> pCaMKII_CaM_psd
K179	kr_R110	1/millisecond	-6	kr_pCaMKII_CaM__pCaMKII_CaM_psd	Spine	log10	1e-06	independent parameter	pCaMKII_CaM <=> pCaMKII_CaM_psd
K180	kf_R111	1/millisecond	-3.301	kf_pCaMKII__pCaMKII_psd	Spine	log10	0.0005	independent parameter	pCaMKII <=> pCaMKII_psd
K181	kr_R111	1/millisecond	-6	kr_pCaMKII__pCaMKII_psd	Spine	log10	1e-06	independent parameter	pCaMKII <=> pCaMKII_psd
K182	kf_R112	1/(nanomole/liter*millisecond)	-4	kf_CaM_Ca4XpCaMKII_psd__pCaMKII_CaM_Ca4_psd	Spine	log10	0.0001	independent parameter	CaM_Ca4 + pCaMKII_psd <=> pCaMKII_CaM_Ca4_psd
K183	kr_R112	1/millisecond	-3.3979	kr_CaM_Ca4XpCaMKII_psd__pCaMKII_CaM_Ca4_psd	Spine	log10	0.0004	independent parameter	CaM_Ca4 + pCaMKII_psd <=> pCaMKII_CaM_Ca4_psd
K184	kf_R113	1/(nanomole/liter*millisecond)	-4	kf_pCaMKII_psdXCaM_Ca2__pCaMKII_CaM_Ca2_psd	Spine	log10	0.0001	independent parameter	pCaMKII_psd + CaM_Ca2 <=> pCaMKII_CaM_Ca2_psd
K185	kr_R113	1/millisecond	-1.3979	kr_pCaMKII_psdXCaM_Ca2__pCaMKII_CaM_Ca2_psd	Spine	log10	0.04	independent parameter	pCaMKII_psd + CaM_Ca2 <=> pCaMKII_CaM_Ca2_psd
K186	kf_R114	1/(nanomole/liter*millisecond)	-4	kf_CaMXpCaMKII_psd__pCaMKII_CaM_psd	Spine	log10	0.0001	independent parameter	CaM + pCaMKII_psd <=> pCaMKII_CaM_psd
K187	kr_R114	1/millisecond	-0.39794	kr_CaMXpCaMKII_psd__pCaMKII_CaM_psd	Spine	log10	0.4	independent parameter	CaM + pCaMKII_psd <=> pCaMKII_CaM_psd
K188	kf_R115	1/(nanomole/liter*millisecond)	-5.2218	kf_pCaMKII_CaM_psdXCa__pCaMKII_CaM_Ca2_psd	Spine	log10	6e-06	independent parameter	pCaMKII_CaM_psd + Ca <=> pCaMKII_CaM_Ca2_psd
K189	kr_R115	1/millisecond	-2.699	kr_pCaMKII_CaM_psdXCa__pCaMKII_CaM_Ca2_psd	Spine	log10	0.002	independent parameter	pCaMKII_CaM_psd + Ca <=> pCaMKII_CaM_Ca2_psd
K190	kf_R116	1/(nanomole/liter*millisecond)	-4	kf_pCaMKII_CaM_Ca2_psdXCa__pCaMKII_CaM_Ca4_psd	Spine	log10	0.0001	independent parameter	pCaMKII_CaM_Ca2_psd + Ca <=> pCaMKII_CaM_Ca4_psd
K191	kr_R116	1/millisecond	-2	kr_pCaMKII_CaM_Ca2_psdXCa__pCaMKII_CaM_Ca4_psd	Spine	log10	0.01	independent parameter	pCaMKII_CaM_Ca2_psd + Ca <=> pCaMKII_CaM_Ca4_psd
K192	kf_R117	1/(nanomole/liter*millisecond)	-6.0969	kf_pCaMKII_psdXPP1__PP1_pCaMKII_psd	Spine	log10	8e-07	independent parameter	pCaMKII_psd + PP1 <=> PP1_pCaMKII_psd
K193	kr_R117	1/millisecond	-3	kr_pCaMKII_psdXPP1__PP1_pCaMKII_psd	Spine	log10	0.001	independent parameter	pCaMKII_psd + PP1 <=> PP1_pCaMKII_psd
K194	kf_R118	1/millisecond	-3	kf_PP1_pCaMKII_psd__PP1XCaMKII_psd	Spine	log10	0.001	independent parameter	PP1_pCaMKII_psd <=> PP1 + CaMKII_psd
K195	kf_R119	1/millisecond	-3.301	kf_CaMKII_psd__CaMKII	Spine	log10	0.0005	independent parameter	CaMKII_psd <=> CaMKII
K196	kf_R120	1/(nanomole/liter*millisecond)	-4	kf_CaM_Ca4XCaMKII_psd__CaMKII_CaM_Ca4_psd	Spine	log10	0.0001	independent parameter	CaM_Ca4 + CaMKII_psd <=> CaMKII_CaM_Ca4_psd
K197	kr_R120	1/millisecond	-1.3979	kr_CaM_Ca4XCaMKII_psd__CaMKII_CaM_Ca4_psd	Spine	log10	0.04	independent parameter	CaM_Ca4 + CaMKII_psd <=> CaMKII_CaM_Ca4_psd
K198	kf_R121	1/(nanomole/liter*millisecond)	-4	kf_CaM_Ca2XCaMKII_psd__CaMKII_CaM_Ca2_psd	Spine	log10	0.0001	independent parameter	CaM_Ca2 + CaMKII_psd <=> CaMKII_CaM_Ca2_psd
K199	kr_R121	1/millisecond	-0.39794	kr_CaM_Ca2XCaMKII_psd__CaMKII_CaM_Ca2_psd	Spine	log10	0.4	independent parameter	CaM_Ca2 + CaMKII_psd <=> CaMKII_CaM_Ca2_psd
K200	kf_R122	1/(nanomole/liter*millisecond)	-4	kf_CaMXCaMKII_psd__CaMKII_CaM_psd	Spine	log10	0.0001	independent parameter	CaM + CaMKII_psd <=> CaMKII_CaM_psd
K201	kr_R122	1/millisecond	0.60206	kr_CaMXCaMKII_psd__CaMKII_CaM_psd	Spine	log10	4	independent parameter	CaM + CaMKII_psd <=> CaMKII_CaM_psd
K202	kf_R123	1/(nanomole/liter*millisecond)	-4	kf_CaMKII_CaM_Ca2_psdXCa__CaMKII_CaM_Ca4_psd	Spine	log10	0.0001	independent parameter	CaMKII_CaM_Ca2_psd + Ca <=> CaMKII_CaM_Ca4_psd
K203	kr_R123	1/millisecond	-1	kr_CaMKII_CaM_Ca2_psdXCa__CaMKII_CaM_Ca4_psd	Spine	log10	0.1	independent parameter	CaMKII_CaM_Ca2_psd + Ca <=> CaMKII_CaM_Ca4_psd
K204	kf_R124	1/(nanomole/liter*millisecond)	-5.2218	kf_CaMKII_CaM_psdXCa__CaMKII_CaM_Ca2_psd	Spine	log10	6e-06	independent parameter	CaMKII_CaM_psd + Ca <=> CaMKII_CaM_Ca2_psd
K205	kr_R124	1/millisecond	-2.699	kr_CaMKII_CaM_psdXCa__CaMKII_CaM_Ca2_psd	Spine	log10	0.002	independent parameter	CaMKII_CaM_psd + Ca <=> CaMKII_CaM_Ca2_psd
K206	kf_R125	1/millisecond	-3.301	kf_CaMKII_CaM__CaMKII_CaM_psd	Spine	log10	0.0005	independent parameter	CaMKII_CaM <=> CaMKII_CaM_psd
K207	kr_R125	1/millisecond	-3.301	kr_CaMKII_CaM__CaMKII_CaM_psd	Spine	log10	0.0005	independent parameter	CaMKII_CaM <=> CaMKII_CaM_psd
K208	kf_R126	1/millisecond	-3.301	kf_CaMKII_CaM_Ca2__CaMKII_CaM_Ca2_psd	Spine	log10	0.0005	independent parameter	CaMKII_CaM_Ca2 <=> CaMKII_CaM_Ca2_psd
K209	kr_R126	1/millisecond	-3.301	kr_CaMKII_CaM_Ca2__CaMKII_CaM_Ca2_psd	Spine	log10	0.0005	independent parameter	CaMKII_CaM_Ca2 <=> CaMKII_CaM_Ca2_psd
K210	kf_R127	1/millisecond	-3.301	kf_CaMKII_CaM_Ca4__CaMKII_CaM_Ca4_psd	Spine	log10	0.0005	independent parameter	CaMKII_CaM_Ca4 <=> CaMKII_CaM_Ca4_psd
K211	kr_R127	1/millisecond	-3.301	kr_CaMKII_CaM_Ca4__CaMKII_CaM_Ca4_psd	Spine	log10	0.0005	independent parameter	CaMKII_CaM_Ca4 <=> CaMKII_CaM_Ca4_psd
K212	kf_R128	1/millisecond	-3.301	kf_CaMKII_CaM_Ca4_psd_CaMKII_CaM_Ca4_psd__CaMKII_CaM_Ca4_CaMKII_CaM_Ca4	Spine	log10	0.0005	independent parameter	CaMKII_CaM_Ca4_psd_CaMKII_CaM_Ca4_psd <=> CaMKII_CaM_Ca4_CaMKII_CaM_Ca4
K213	kr_R128	1/millisecond	-3.301	kr_CaMKII_CaM_Ca4_psd_CaMKII_CaM_Ca4_psd__CaMKII_CaM_Ca4_CaMKII_CaM_Ca4	Spine	log10	0.0005	independent parameter	CaMKII_CaM_Ca4_psd_CaMKII_CaM_Ca4_psd <=> CaMKII_CaM_Ca4_CaMKII_CaM_Ca4
K214	kf_R129	1/millisecond	-6	kf_pCaMKII_CaM_Ca4_psd_CaMKII_CaM_Ca4_psd__pCaMKII_CaM_Ca4_CaMKII_CaM_Ca4	Spine	log10	1e-06	independent parameter	pCaMKII_CaM_Ca4_psd_CaMKII_CaM_Ca4_psd <=> pCaMKII_CaM_Ca4_CaMKII_CaM_Ca4
K215	kr_R129	1/millisecond	-3.301	kr_pCaMKII_CaM_Ca4_psd_CaMKII_CaM_Ca4_psd__pCaMKII_CaM_Ca4_CaMKII_CaM_Ca4	Spine	log10	0.0005	independent parameter	pCaMKII_CaM_Ca4_psd_CaMKII_CaM_Ca4_psd <=> pCaMKII_CaM_Ca4_CaMKII_CaM_Ca4
K216	kf_R130	1/(nanomole/liter*millisecond)	-6.4437	kf_CaMKII_CaM_Ca4XCaMKII_CaM_Ca4__CaMKII_CaM_Ca4_CaMKII_CaM_Ca4	Spine	log10	3.6e-07	independent parameter	CaMKII_CaM_Ca4 + CaMKII_CaM_Ca4 <=> CaMKII_CaM_Ca4_CaMKII_CaM_Ca4
K217	kr_R130	1/millisecond	-1.6383	kr_CaMKII_CaM_Ca4XCaMKII_CaM_Ca4__CaMKII_CaM_Ca4_CaMKII_CaM_Ca4	Spine	log10	0.023	independent parameter	CaMKII_CaM_Ca4 + CaMKII_CaM_Ca4 <=> CaMKII_CaM_Ca4_CaMKII_CaM_Ca4
K218	kf_R131	1/millisecond	-2.4089	kf_CaMKII_CaM_Ca4_CaMKII_CaM_Ca4__pCaMKII_CaM_Ca4XCaMKII_CaM_Ca4	Spine	log10	0.0039	independent parameter	CaMKII_CaM_Ca4_CaMKII_CaM_Ca4 <=> pCaMKII_CaM_Ca4 + CaMKII_CaM_Ca4
K219	kf_R132	1/(nanomole/liter*millisecond)	-5.9586	kf_pCaMKII_CaM_Ca4XCaMKII_CaM_Ca4__pCaMKII_CaM_Ca4_CaMKII_CaM_Ca4	Spine	log10	1.1e-06	independent parameter	pCaMKII_CaM_Ca4 + CaMKII_CaM_Ca4 <=> pCaMKII_CaM_Ca4_CaMKII_CaM_Ca4
K220	kr_R132	1/millisecond	-2.2676	kr_pCaMKII_CaM_Ca4XCaMKII_CaM_Ca4__pCaMKII_CaM_Ca4_CaMKII_CaM_Ca4	Spine	log10	0.0054	independent parameter	pCaMKII_CaM_Ca4 + CaMKII_CaM_Ca4 <=> pCaMKII_CaM_Ca4_CaMKII_CaM_Ca4
K221	kf_R133	1/millisecond	1	kf_pCaMKII_CaM_Ca4_CaMKII_CaM_Ca4__pCaMKII_CaM_Ca4XpCaMKII_CaM_Ca4	Spine	log10	10	independent parameter	pCaMKII_CaM_Ca4_CaMKII_CaM_Ca4 <=> pCaMKII_CaM_Ca4 + pCaMKII_CaM_Ca4
K222	kf_R134	1/(nanomole/liter*millisecond)	-6.4437	kf_CaMKII_CaM_Ca4_psdXCaMKII_CaM_Ca4_psd__CaMKII_CaM_Ca4_psd_CaMKII_CaM_Ca4_psd	Spine	log10	3.6e-07	independent parameter	CaMKII_CaM_Ca4_psd + CaMKII_CaM_Ca4_psd <=> CaMKII_CaM_Ca4_psd_CaMKII_CaM_Ca4_psd
K223	kr_R134	1/millisecond	-1.6383	kr_CaMKII_CaM_Ca4_psdXCaMKII_CaM_Ca4_psd__CaMKII_CaM_Ca4_psd_CaMKII_CaM_Ca4_psd	Spine	log10	0.023	independent parameter	CaMKII_CaM_Ca4_psd + CaMKII_CaM_Ca4_psd <=> CaMKII_CaM_Ca4_psd_CaMKII_CaM_Ca4_psd
K224	kf_R135	1/millisecond	-2.4089	kf_CaMKII_CaM_Ca4_psd_CaMKII_CaM_Ca4_psd__pCaMKII_CaM_Ca4_psdXCaMKII_CaM_Ca4_psd	Spine	log10	0.0039	independent parameter	CaMKII_CaM_Ca4_psd_CaMKII_CaM_Ca4_psd <=> pCaMKII_CaM_Ca4_psd + CaMKII_CaM_Ca4_psd
K225	kf_R136	1/(nanomole/liter*millisecond)	-5.9586	kf_pCaMKII_CaM_Ca4_psdXCaMKII_CaM_Ca4_psd__pCaMKII_CaM_Ca4_psd_CaMKII_CaM_Ca4_psd	Spine	log10	1.1e-06	independent parameter	pCaMKII_CaM_Ca4_psd + CaMKII_CaM_Ca4_psd <=> pCaMKII_CaM_Ca4_psd_CaMKII_CaM_Ca4_psd
K226	kr_R136	1/millisecond	-2.2676	kr_pCaMKII_CaM_Ca4_psdXCaMKII_CaM_Ca4_psd__pCaMKII_CaM_Ca4_psd_CaMKII_CaM_Ca4_psd	Spine	log10	0.0054	independent parameter	pCaMKII_CaM_Ca4_psd + CaMKII_CaM_Ca4_psd <=> pCaMKII_CaM_Ca4_psd_CaMKII_CaM_Ca4_psd
K227	kf_R137	1/millisecond	1	kf_pCaMKII_CaM_Ca4_psd_CaMKII_CaM_Ca4_psd__pCaMKII_CaM_Ca4_psdXpCaMKII_CaM_Ca4_psd	Spine	log10	10	independent parameter	pCaMKII_CaM_Ca4_psd_CaMKII_CaM_Ca4_psd <=> pCaMKII_CaM_Ca4_psd + pCaMKII_CaM_Ca4_psd
